{
  "Calm": {
    "best_params": {
      "learning_rate": 0.0003,
      "gamma": 0.99,
      "clip_range": 0.2
    },
    "best_sharpe": -0.39511616215748724,
    "config_results": [
      {
        "params": {
          "learning_rate": 0.0003,
          "gamma": 0.99,
          "clip_range": 0.2
        },
        "final_sharpe": -0.39511616215748724,
        "iterations": 3,
        "sharpe_history": [
          -0.39511616215748724,
          -0.39511616215748724,
          -0.39511616215748724
        ]
      },
      {
        "params": {
          "learning_rate": 0.0001,
          "gamma": 0.99,
          "clip_range": 0.1
        },
        "final_sharpe": -0.39511616215748724,
        "iterations": 4,
        "sharpe_history": [
          -0.31968707931536716,
          -0.39511616215748724,
          -0.35446091497247334,
          -0.39511616215748724
        ]
      }
    ]
  },
  "Volatile": {
    "best_params": {
      "learning_rate": 0.0003,
      "gamma": 0.99,
      "clip_range": 0.2
    },
    "best_sharpe": -2.462011255043686,
    "config_results": [
      {
        "params": {
          "learning_rate": 0.0003,
          "gamma": 0.99,
          "clip_range": 0.2
        },
        "final_sharpe": -2.462011255043686,
        "iterations": 5,
        "sharpe_history": [
          -2.462011255043686,
          -7.1841241399580955,
          -2.462011255043686,
          -2.462011255043686,
          -2.462011255043686
        ]
      },
      {
        "params": {
          "learning_rate": 0.0001,
          "gamma": 0.99,
          "clip_range": 0.1
        },
        "final_sharpe": -7.1841241399580955,
        "iterations": 11,
        "sharpe_history": [
          -2.462011255043686,
          -7.1841241399580955,
          0.0,
          -6.6168154550517775,
          0.0,
          -6.6168154550517775,
          -7.1841241399580955,
          -6.6168154550517775,
          -7.1841241399580955,
          -7.1841241399580955,
          -7.1841241399580955
        ]
      }
    ]
  },
  "Stressed": {
    "best_params": {
      "learning_rate": 0.0003,
      "gamma": 0.99,
      "clip_range": 0.2
    },
    "best_sharpe": -2.0136185922524907,
    "config_results": [
      {
        "params": {
          "learning_rate": 0.0003,
          "gamma": 0.99,
          "clip_range": 0.2
        },
        "final_sharpe": -2.0136185922524907,
        "iterations": 8,
        "sharpe_history": [
          0.0,
          -2.0136185922524907,
          -2.334519689326726,
          -2.0136185922524907,
          -2.334519689326726,
          -2.0136185922524907,
          -2.0136185922524907,
          -2.0136185922524907
        ]
      },
      {
        "params": {
          "learning_rate": 0.0001,
          "gamma": 0.99,
          "clip_range": 0.1
        },
        "final_sharpe": -2.334519689326726,
        "iterations": 9,
        "sharpe_history": [
          -2.2605968244504138,
          -2.0136185922524907,
          -2.334519689326726,
          -2.334519689326726,
          -2.0136185922524907,
          -2.0136185922524907,
          -2.334519689326726,
          -2.334519689326726,
          -2.334519689326726
        ]
      }
    ]
  }
}