{
  "5min_RL": {
    "Ann. Return": -0.03645684117291961,
    "Ann. Vol": 0.05361681733333671,
    "Sharpe": -0.6799516082102893,
    "Max Drawdown": -0.07885387237256836,
    "Mean Turnover": 4.398156306706369e-06
  },
  "Daily_RL": {
    "Ann. Return": -0.2276268452204776,
    "Ann. Vol": 0.05868903094819055,
    "Sharpe": -3.8785245137446864,
    "Max Drawdown": -0.3912157753281844,
    "Mean Turnover": 7.315809398278361e-06
  },
  "decision_interval": 288
}